[{"title":"\u0413","weights":[9,10,10,10,9,4,0,0,9,3,0,0,9,3,0,0,10,3,0,0,10,3,0,0,10,3,0,0,10,3,0,0],"learn":10,"width":4,"height":8},{"title":"\u0415","weights":[7,7,7,7,7,2,0,0,7,1,0,0,7,7,7,6,7,1,0,0,7,1,0,0,7,2,0,0,7,7,7,7],"learn":7,"width":4,"height":8},{"title":"\u0417","weights":[4,4,4,0,2,0,1,4,0,0,1,4,1,4,4,0,0,0,2,4,0,0,1,4,2,0,2,4,4,4,4,0],"learn":4,"width":4,"height":8},{"title":"\u0420","weights":[2,2,2,0,2,0,0,2,2,0,0,2,2,0,0,2,2,1,2,1,2,1,1,0,2,0,0,0,2,0,0,0],"learn":2,"width":4,"height":8},{"title":"\u0431","weights":[0,1,3,7,1,6,5,2,3,2,1,0,5,5,7,3,8,1,0,8,7,0,0,8,8,0,2,7,3,8,8,0],"learn":8,"width":4,"height":8},{"title":"\u0432","weights":[0,0,2,2,0,2,0,2,0,2,0,2,2,2,2,0,2,2,0,2,2,0,0,2,2,0,0,2,0,2,2,0],"learn":2,"width":4,"height":8},{"title":"\u0433","weights":[3,3,3,3,3,2,0,0,3,2,0,0,3,2,0,0,3,2,0,0,3,2,0,0,3,2,0,0,3,2,0,0],"learn":3,"width":4,"height":8},{"title":"\u0434","weights":[0,3,4,1,0,0,2,3,0,0,0,4,0,4,3,4,1,3,0,4,3,0,0,3,4,0,3,1,4,4,1,0],"learn":4,"width":4,"height":8},{"title":"\u0439","weights":[1,3,3,2,0,2,5,4,0,0,0,0,5,0,0,5,5,0,1,5,4,1,1,5,4,2,1,5,5,2,1,5],"learn":5,"width":4,"height":8},{"title":"\u0440","weights":[2,2,2,0,2,0,0,2,2,0,0,2,2,0,0,2,2,0,0,2,2,2,2,0,2,0,0,0,2,0,0,0],"learn":2,"width":4,"height":8},{"title":"\u0441","weights":[0,1,1,0,1,1,0,1,1,1,0,1,1,1,0,0,1,1,0,1,1,1,0,1,1,1,0,1,0,1,1,0],"learn":1,"width":4,"height":8},{"title":"\u0442","weights":[2,2,2,2,0,2,2,0,0,2,2,0,0,2,2,0,0,2,2,0,0,2,2,0,0,2,2,0,0,2,2,0],"learn":2,"width":4,"height":8},{"title":"\u0443","weights":[2,1,0,2,2,1,0,2,2,1,0,2,1,1,0,1,0,2,1,1,0,1,1,1,0,1,2,0,1,2,2,0],"learn":2,"width":4,"height":8},{"title":"\u0446","weights":[2,0,0,2,2,0,0,2,2,0,0,2,2,0,0,2,2,1,0,2,1,1,0,1,0,0,0,2,0,0,1,2],"learn":2,"width":4,"height":8}]