[{"title":"\u0430","weights":[0,0,2,2,0,0,0,0,0,2,1,2,1,0,0,0,2,1,0,2,0,0,0,2,2,1,1,2,0,0,2,0,2,2,0,2,2,2,0,0],"learn":2,"width":8,"height":5},{"title":"\u0436","weights":[6,4,1,6,6,0,5,6,0,4,0,6,6,0,5,0,0,3,6,6,6,6,2,0,1,6,0,6,6,0,6,0,6,5,2,6,6,1,6,6],"learn":6,"width":8,"height":5},{"title":"\u0438","weights":[3,5,5,4,1,4,5,5,0,3,5,0,4,5,5,0,0,4,4,2,2,4,4,0,0,5,5,3,0,5,3,0,5,5,4,1,4,5,5,3],"learn":5,"width":8,"height":5},{"title":"\u043a","weights":[1,1,0,2,2,0,0,0,1,1,2,1,0,0,0,2,2,2,2,0,0,0,1,0,2,0,2,0,0,1,1,0,2,0,0,2,2,1,0,0],"learn":2,"width":8,"height":5},{"title":"\u043c","weights":[1,2,7,5,0,0,5,7,0,1,4,6,0,5,7,2,0,2,4,6,3,5,5,0,2,4,1,4,4,2,6,0,7,5,2,3,2,2,7,5],"learn":7,"width":8,"height":5},{"title":"\u043d","weights":[2,4,3,3,2,3,3,3,0,3,3,2,0,3,3,1,1,4,4,4,3,3,3,0,1,4,3,1,1,4,3,0,4,4,3,3,3,3,3,2],"learn":4,"width":8,"height":5},{"title":"\u043e","weights":[0,0,2,2,0,0,0,0,0,2,1,0,2,0,0,2,2,1,0,0,1,2,2,0,2,1,0,1,0,0,0,0,2,2,2,0,0,0,0,0],"learn":2,"width":8,"height":5},{"title":"\u043f","weights":[2,4,3,3,3,3,3,3,1,2,2,2,1,2,3,0,1,4,3,0,1,4,1,0,1,4,2,0,1,4,1,0,4,4,3,2,2,4,4,2],"learn":4,"width":8,"height":5},{"title":"\u0442","weights":[5,9,6,8,9,1,9,9,1,9,5,2,9,3,1,9,3,9,0,3,8,1,2,7,6,5,0,5,5,1,5,5,9,3,0,7,2,1,6,7],"learn":9,"width":8,"height":5},{"title":"\u0445","weights":[0,1,1,1,0,1,1,1,0,0,1,1,1,1,1,0,0,0,0,1,1,0,0,0,0,1,1,0,1,1,0,0,1,1,1,0,1,1,1,1],"learn":1,"width":8,"height":5},{"title":"\u0447","weights":[2,2,2,1,1,2,2,2,0,2,2,0,1,2,2,0,0,1,2,2,2,2,1,0,0,0,0,0,1,2,1,0,0,0,0,1,2,2,2,1],"learn":2,"width":8,"height":5},{"title":"\u0448","weights":[8,10,3,3,10,0,6,10,4,7,2,4,7,0,6,7,5,6,0,7,4,2,7,2,7,4,1,9,2,2,9,0,10,9,3,10,8,4,10,6],"learn":10,"width":8,"height":5},{"title":"\u044b","weights":[8,11,9,3,0,10,11,10,1,9,5,0,0,1,11,3,2,10,11,11,4,4,9,2,3,9,3,6,6,8,9,3,10,11,11,9,4,11,11,7],"learn":11,"width":8,"height":5},{"title":"\u044e","weights":[10,10,8,3,6,11,11,1,3,10,6,6,8,2,5,11,4,11,11,11,6,2,5,10,5,9,5,6,6,2,6,7,11,9,6,7,7,11,9,0],"learn":11,"width":8,"height":5},{"title":"\u044f","weights":[0,0,1,2,2,2,2,2,0,1,2,0,1,1,1,0,0,0,1,2,2,2,0,0,0,1,2,0,1,2,0,0,2,2,0,1,2,2,2,0],"learn":2,"width":8,"height":5}]