[{"title":"\u0433","weights":[5,6,6,3,1,2,3,2,0,6,1,0,6,3,3],"learn":6,"width":3,"height":5},{"title":"\u0435","weights":[0,2,1,2,1,2,2,2,1,2,0,0,1,2,2],"learn":2,"width":3,"height":5},{"title":"\u0437","weights":[5,6,6,0,1,6,1,6,0,0,1,6,5,6,3],"learn":6,"width":3,"height":5},{"title":"\u0441","weights":[0,4,4,4,0,2,2,0,0,3,0,0,2,4,4],"learn":4,"width":3,"height":5},{"title":"\u0442","weights":[1,1,1,0,1,0,0,1,0,0,1,0,0,1,0],"learn":1,"width":3,"height":5},{"title":"\u0447","weights":[1,0,0,1,0,1,1,1,1,0,0,1,0,0,1],"learn":1,"width":3,"height":5},{"title":"\u044c","weights":[1,0,0,1,1,1,1,0,1,1,0,1,1,1,0],"learn":1,"width":3,"height":5},{"title":"\u044d","weights":[2,3,1,0,0,3,1,3,3,0,0,3,2,3,0],"learn":3,"width":3,"height":5}]