[{"title":"\u0413","weights":[1,1,1,1,1,1,0,0,1,1,0,0,1,1,0,0,1,1,0,0,1,1,0,0,1,1,0,0,1,1,0,0,1,1,0,0,1,1,0,0],"learn":1,"width":4,"height":10},{"title":"\u0415","weights":[1,1,1,0,1,1,0,0,1,1,0,0,1,1,0,0,1,1,1,0,1,1,0,0,1,1,0,0,1,1,0,0,1,1,0,0,1,1,1,1],"learn":1,"width":4,"height":10},{"title":"\u0432","weights":[0,0,2,2,0,2,1,2,0,2,1,2,2,2,2,2,2,2,2,1,2,2,1,2,2,1,1,2,2,1,1,2,2,1,2,1,0,2,2,0],"learn":2,"width":4,"height":10},{"title":"\u0433","weights":[1,1,1,1,1,0,0,0,1,0,0,0,1,0,0,0,1,0,0,0,1,0,0,0,1,0,0,0,1,0,0,0,1,0,0,0,1,0,0,0],"learn":1,"width":4,"height":10}]