[{"title":"\u0430","weights":[6,6,4,1,0,0,3,4,2,6,6,4,6,2,3,4,6,6,6,6],"learn":6,"width":4,"height":5},{"title":"\u0432","weights":[7,10,13,12,8,5,1,12,11,13,13,6,10,3,1,13,12,13,13,4],"learn":13,"width":4,"height":5},{"title":"\u0433","weights":[6,13,13,13,3,3,0,10,3,8,4,0,11,3,0,0,11,11,8,1],"learn":13,"width":4,"height":5},{"title":"\u0435","weights":[1,9,12,7,9,4,0,12,12,12,12,6,11,2,0,0,7,12,12,6],"learn":12,"width":4,"height":5},{"title":"\u0437","weights":[5,15,15,14,0,0,3,15,3,14,15,8,0,0,5,13,15,15,13,2],"learn":15,"width":4,"height":5},{"title":"\u0438","weights":[10,0,0,10,10,0,2,10,9,1,2,10,9,3,5,10,10,6,2,9],"learn":10,"width":4,"height":5},{"title":"\u043a","weights":[4,1,0,5,5,1,4,1,5,5,5,0,5,1,5,2,5,0,1,5],"learn":5,"width":4,"height":5},{"title":"\u043b","weights":[0,0,2,2,0,1,0,2,0,2,0,2,1,0,1,1,2,0,1,2],"learn":2,"width":4,"height":5},{"title":"\u043d","weights":[8,1,0,8,7,2,1,8,7,7,7,8,8,0,1,7,8,0,1,8],"learn":8,"width":4,"height":5},{"title":"\u043e","weights":[0,10,10,3,10,0,0,10,8,0,0,10,9,0,1,9,5,10,10,0],"learn":10,"width":4,"height":5},{"title":"\u043f","weights":[7,5,7,7,7,1,0,7,7,0,0,7,7,0,0,7,6,0,0,7],"learn":7,"width":4,"height":5},{"title":"\u0441","weights":[0,11,17,16,10,11,0,10,17,6,0,0,15,9,0,3,7,17,17,10],"learn":17,"width":4,"height":5},{"title":"\u0445","weights":[3,1,0,2,1,2,4,0,0,3,3,0,2,1,3,1,3,0,0,4],"learn":4,"width":4,"height":5},{"title":"\u0447","weights":[11,0,0,12,12,1,3,12,12,10,11,8,2,2,7,8,0,0,6,8],"learn":12,"width":4,"height":5},{"title":"\u044c","weights":[17,9,2,0,11,8,3,1,13,14,15,15,14,3,1,17,15,17,17,3],"learn":17,"width":4,"height":5},{"title":"\u044d","weights":[9,15,15,6,0,0,3,15,4,14,15,15,0,0,5,14,13,15,15,0],"learn":15,"width":4,"height":5},{"title":"\u044f","weights":[0,3,3,3,2,2,0,3,0,3,3,3,0,3,0,3,3,1,0,3],"learn":3,"width":4,"height":5}]