[{"title":"\u0430","weights":[7,10,10,5,2,0,0,10,2,10,10,10,10,5,0,10,10,4,0,10,6,10,8,10],"learn":10,"width":4,"height":6},{"title":"\u0432","weights":[16,19,22,15,17,6,3,22,22,21,21,8,22,2,2,21,21,1,1,22,21,22,22,5],"learn":22,"width":4,"height":6},{"title":"\u0433","weights":[24,33,35,35,24,13,1,10,26,10,7,3,32,17,0,0,35,10,0,3,31,19,8,2],"learn":35,"width":4,"height":6},{"title":"\u0435","weights":[0,13,18,12,13,4,0,18,18,16,16,12,17,3,0,0,18,3,0,7,10,18,18,5],"learn":18,"width":4,"height":6},{"title":"\u0436","weights":[0,0,0,1,0,0,0,1,0,0,0,1,0,1,0,1,1,0,0,1,0,0,0,1],"learn":1,"width":4,"height":6},{"title":"\u0437","weights":[29,48,48,31,9,0,15,48,4,40,46,8,0,0,16,46,16,0,16,46,34,48,46,3],"learn":48,"width":4,"height":6},{"title":"\u0438","weights":[4,0,0,4,4,0,1,4,4,0,3,4,4,4,0,4,4,3,0,4,4,1,0,4],"learn":4,"width":4,"height":6},{"title":"\u043a","weights":[5,0,2,5,5,0,5,1,5,4,3,0,5,3,4,0,5,0,5,2,5,0,1,5],"learn":5,"width":4,"height":6},{"title":"\u043d","weights":[3,0,0,3,3,0,0,3,3,3,3,3,3,0,0,3,3,0,0,3,3,0,0,3],"learn":3,"width":4,"height":6},{"title":"\u043e","weights":[0,6,6,1,6,2,0,6,6,0,0,5,5,0,0,6,6,0,0,6,1,6,6,0],"learn":6,"width":4,"height":6},{"title":"\u043f","weights":[6,6,6,6,6,0,0,6,6,0,0,6,6,0,0,6,6,0,0,6,6,0,0,6],"learn":6,"width":4,"height":6},{"title":"\u0441","weights":[0,40,46,40,39,33,0,19,46,6,0,0,45,6,0,0,46,21,0,15,13,46,45,21],"learn":46,"width":4,"height":6},{"title":"\u0442","weights":[6,6,6,6,0,4,6,0,0,4,6,0,0,4,6,0,0,4,6,0,0,4,6,0],"learn":6,"width":4,"height":6},{"title":"\u0445","weights":[3,0,0,4,2,1,0,3,0,3,4,0,0,3,4,0,2,1,1,2,4,0,0,4],"learn":4,"width":4,"height":6},{"title":"\u0447","weights":[15,0,0,14,15,0,0,15,15,3,4,14,7,14,11,13,0,1,3,13,0,0,2,14],"learn":15,"width":4,"height":6},{"title":"\u044c","weights":[32,12,0,0,26,12,0,0,29,33,32,15,32,5,3,33,32,5,2,33,31,33,33,1],"learn":33,"width":4,"height":6},{"title":"\u044d","weights":[13,24,24,4,3,0,6,24,3,18,22,24,0,2,6,24,7,0,17,18,17,24,19,0],"learn":24,"width":4,"height":6},{"title":"\u044f","weights":[0,14,14,14,14,3,0,14,12,2,0,14,0,14,14,14,3,11,0,14,14,4,0,14],"learn":14,"width":4,"height":6}]