[{"title":"\u0411","weights":[2,2,2,2,2,0,0,0,2,0,0,0,2,2,2,0,2,0,0,2,2,0,0,2,2,2,2,0],"learn":2,"width":4,"height":7},{"title":"\u0412","weights":[4,4,4,2,4,0,0,4,4,0,0,4,4,4,4,2,4,0,0,4,4,0,0,4,4,4,4,0],"learn":4,"width":4,"height":7},{"title":"\u0413","weights":[7,7,7,7,7,1,0,0,7,1,0,0,7,1,0,0,7,1,0,0,7,1,0,0,7,1,0,0],"learn":7,"width":4,"height":7},{"title":"\u0415","weights":[8,9,9,9,8,0,0,0,9,0,0,0,9,9,9,5,9,0,0,0,9,0,0,0,9,9,9,8],"learn":9,"width":4,"height":7},{"title":"\u0417","weights":[1,1,1,0,0,0,1,1,0,0,1,1,0,1,1,0,0,0,1,1,0,0,1,1,1,1,1,0],"learn":1,"width":4,"height":7},{"title":"\u041a","weights":[2,0,0,2,2,0,2,1,2,1,2,0,2,2,2,0,2,1,2,0,2,0,2,1,2,0,0,2],"learn":2,"width":4,"height":7},{"title":"\u041d","weights":[1,0,0,1,1,0,0,1,1,0,0,1,1,1,1,1,1,0,0,1,1,0,0,1,1,0,0,1],"learn":1,"width":4,"height":7},{"title":"\u0420","weights":[3,3,3,2,3,0,1,3,3,0,0,3,3,2,3,1,3,1,1,0,3,0,0,0,3,0,0,0],"learn":3,"width":4,"height":7},{"title":"\u0421","weights":[0,1,1,1,1,1,0,0,1,1,0,0,1,1,0,0,1,1,0,0,1,1,0,0,0,1,1,1],"learn":1,"width":4,"height":7},{"title":"\u0423","weights":[1,0,0,1,1,0,0,1,0,1,0,1,0,1,1,0,0,0,1,0,0,0,1,0,1,1,0,0],"learn":1,"width":4,"height":7},{"title":"\u042c","weights":[1,0,0,0,1,0,0,0,1,0,0,0,1,1,1,0,1,0,0,1,1,0,0,1,1,1,1,0],"learn":1,"width":4,"height":7},{"title":"\u0431","weights":[0,1,3,3,1,2,1,0,3,3,3,1,3,1,1,3,3,0,0,3,3,2,1,3,0,3,3,0],"learn":3,"width":4,"height":7},{"title":"\u0432","weights":[1,1,1,0,1,0,0,1,1,0,0,1,1,1,1,0,1,0,0,1,1,0,0,1,1,1,1,0],"learn":1,"width":4,"height":7},{"title":"\u0433","weights":[12,13,13,13,12,7,2,2,12,7,1,0,12,8,1,0,12,8,0,0,13,8,0,0,13,8,1,0],"learn":13,"width":4,"height":7},{"title":"\u0434","weights":[0,1,1,1,0,0,0,1,0,1,1,1,1,0,0,1,0,0,0,1,0,0,1,1,1,1,1,0],"learn":1,"width":4,"height":7},{"title":"\u0437","weights":[4,8,9,3,4,1,0,8,0,1,1,7,0,7,7,2,0,0,1,8,5,0,1,8,7,9,8,0],"learn":9,"width":4,"height":7},{"title":"\u043a","weights":[1,0,0,1,1,0,1,0,1,0,1,0,1,1,0,0,1,0,1,0,1,0,1,0,1,0,0,1],"learn":1,"width":4,"height":7},{"title":"\u0440","weights":[3,3,3,1,3,1,1,3,3,0,0,3,3,1,1,3,3,3,3,2,3,0,0,0,3,0,0,0],"learn":3,"width":4,"height":7},{"title":"\u0441","weights":[0,4,4,1,3,2,0,3,4,1,0,1,4,1,0,0,4,1,0,1,4,2,0,3,0,4,4,1],"learn":4,"width":4,"height":7},{"title":"\u0442","weights":[2,2,2,2,0,2,2,0,0,2,2,0,0,2,2,0,0,2,2,0,0,2,2,0,0,2,2,0],"learn":2,"width":4,"height":7},{"title":"\u0446","weights":[2,0,0,2,2,0,0,2,1,0,0,2,1,0,1,2,2,2,1,2,0,0,0,2,0,0,0,2],"learn":2,"width":4,"height":7},{"title":"\u0447","weights":[1,0,0,1,1,0,0,1,1,0,0,1,1,0,1,1,1,1,0,1,0,0,0,1,0,0,0,1],"learn":1,"width":4,"height":7},{"title":"\u044c","weights":[3,2,0,0,3,2,0,0,4,2,0,0,4,4,4,1,4,1,0,4,4,1,0,4,4,4,4,0],"learn":4,"width":4,"height":7},{"title":"\u044d","weights":[2,4,4,0,2,0,2,4,0,0,0,4,0,3,4,4,0,0,0,4,2,0,2,4,2,4,4,0],"learn":4,"width":4,"height":7}]