[{"title":"\u0413","weights":[4,4,4,4,4,2,0,0,4,2,0,0,4,2,0,0,4,2,0,0,4,2,0,0,4,2,0,0,4,2,0,0,4,2,0,0],"learn":4,"width":4,"height":9},{"title":"\u0415","weights":[4,4,4,4,4,2,0,0,4,2,0,0,4,2,0,0,4,4,4,4,4,2,0,0,4,2,0,0,4,2,0,0,4,4,4,4],"learn":4,"width":4,"height":9},{"title":"\u0417","weights":[1,1,1,0,0,0,0,1,0,0,0,1,0,0,1,0,1,1,1,0,0,0,1,1,0,0,0,1,0,0,1,1,1,1,1,0],"learn":1,"width":4,"height":9},{"title":"\u0420","weights":[1,1,1,0,1,0,0,1,1,0,0,1,1,0,0,1,1,0,0,1,1,1,1,0,1,0,0,0,1,0,0,0,1,0,0,0],"learn":1,"width":4,"height":9},{"title":"\u0422","weights":[1,1,1,1,0,1,1,0,0,1,1,0,0,1,1,0,0,1,1,0,0,1,1,0,0,1,1,0,0,1,1,0,0,1,1,0],"learn":1,"width":4,"height":9},{"title":"\u0423","weights":[2,2,0,2,2,2,0,2,2,2,0,2,0,2,0,2,0,2,2,0,0,2,2,0,0,2,2,0,0,2,2,0,2,2,2,0],"learn":2,"width":4,"height":9},{"title":"\u0425","weights":[1,0,0,0,0,1,0,0,0,0,1,0,0,0,0,0,0,0,0,1,0,0,0,0,0,0,1,0,0,1,0,0,1,0,0,0],"learn":1,"width":4,"height":9},{"title":"\u0432","weights":[0,0,2,2,0,2,0,2,0,2,0,2,2,1,2,0,2,2,1,1,2,1,0,2,2,0,0,2,2,0,1,2,0,2,2,0],"learn":2,"width":4,"height":9},{"title":"\u0439","weights":[1,2,1,3,1,1,3,2,0,0,0,0,3,0,0,3,3,0,1,3,3,0,2,3,3,3,0,3,3,2,0,3,3,1,0,3],"learn":3,"width":4,"height":9},{"title":"\u0443","weights":[1,1,0,1,1,1,0,1,1,1,0,1,0,1,0,0,0,1,1,0,0,1,1,0,0,1,1,0,0,1,1,0,0,1,1,0],"learn":1,"width":4,"height":9}]