[{"title":"\u0430","weights":[1,6,18,16,11,0,11,1,8,16,7,11,8,10,12,18,10,2,18,7,6,17,14,17,16],"learn":18,"width":5,"height":5},{"title":"\u0432","weights":[6,9,15,15,10,3,14,2,1,14,7,15,15,15,5,9,9,2,5,12,9,15,15,13,1],"learn":15,"width":5,"height":5},{"title":"\u0433","weights":[8,9,11,11,9,0,8,5,2,10,0,11,8,1,1,3,10,5,0,0,8,11,11,5,0],"learn":11,"width":5,"height":5},{"title":"\u0435","weights":[0,7,15,15,6,4,14,2,4,15,12,15,15,15,8,11,12,0,0,0,0,14,15,15,8],"learn":15,"width":5,"height":5},{"title":"\u0437","weights":[3,8,10,10,6,0,0,0,6,9,0,8,10,10,2,2,0,0,5,9,8,10,10,10,1],"learn":10,"width":5,"height":5},{"title":"\u0438","weights":[9,7,1,3,9,6,7,0,6,8,8,3,1,7,5,9,3,3,8,3,9,5,2,8,9],"learn":9,"width":5,"height":5},{"title":"\u043a","weights":[10,11,1,5,14,5,10,2,10,1,6,14,12,2,0,11,5,8,8,0,14,3,2,12,7],"learn":14,"width":5,"height":5},{"title":"\u043b","weights":[1,1,10,11,10,0,2,9,3,9,0,8,5,3,9,0,10,0,3,8,11,4,0,2,10],"learn":11,"width":5,"height":5},{"title":"\u043c","weights":[2,0,0,0,2,2,2,0,1,2,2,2,0,1,2,2,1,2,0,2,2,0,2,0,2],"learn":2,"width":5,"height":5},{"title":"\u043d","weights":[6,6,0,0,7,3,6,0,1,6,4,8,8,8,5,7,1,0,6,4,8,0,0,6,5],"learn":8,"width":5,"height":5},{"title":"\u043e","weights":[1,7,15,15,7,6,12,2,4,15,12,9,0,3,15,14,10,1,9,12,2,15,15,12,1],"learn":15,"width":5,"height":5},{"title":"\u043f","weights":[7,11,7,11,11,4,9,2,3,11,4,8,0,4,9,9,4,0,8,7,11,3,1,8,9],"learn":11,"width":5,"height":5},{"title":"\u0441","weights":[0,2,10,9,9,2,9,2,0,4,8,7,0,0,0,8,8,1,1,0,0,10,10,9,3],"learn":10,"width":5,"height":5},{"title":"\u0442","weights":[11,11,11,11,11,5,0,11,1,5,1,0,11,1,1,0,0,11,1,0,0,6,11,6,0],"learn":11,"width":5,"height":5},{"title":"\u0445","weights":[7,18,2,8,18,0,13,12,17,1,0,2,18,7,0,1,15,7,17,1,18,12,0,16,14],"learn":18,"width":5,"height":5},{"title":"\u0447","weights":[8,7,1,4,8,4,7,0,5,7,5,8,8,8,4,1,1,2,8,2,0,0,3,8,5],"learn":8,"width":5,"height":5},{"title":"\u0448","weights":[2,1,2,1,2,2,0,2,0,2,2,0,2,0,2,2,0,2,0,2,2,2,2,2,2],"learn":2,"width":5,"height":5},{"title":"\u044a","weights":[12,13,12,4,0,6,2,8,2,2,1,9,12,11,12,2,11,3,2,13,1,9,13,13,3],"learn":13,"width":5,"height":5},{"title":"\u044b","weights":[2,0,0,0,2,2,0,0,0,2,2,2,2,1,2,2,0,0,2,2,2,2,2,0,2],"learn":2,"width":5,"height":5},{"title":"\u044c","weights":[8,7,6,0,0,3,6,2,0,0,4,8,9,9,3,4,7,1,3,9,9,9,9,9,1],"learn":9,"width":5,"height":5},{"title":"\u044d","weights":[8,12,13,12,0,2,0,0,7,13,1,11,13,13,12,2,0,0,11,8,13,13,13,7,0],"learn":13,"width":5,"height":5},{"title":"\u044f","weights":[1,6,15,15,14,4,13,1,4,13,0,9,15,15,11,1,13,1,10,7,15,7,0,11,10],"learn":15,"width":5,"height":5}]