[{"title":"\u0430","weights":[0,4,8,8,5,3,2,4,2,3,8,2,2,7,4,5,8,0,8,7,1,7,8,0,1,8,6,7,8,6],"learn":8,"width":6,"height":5},{"title":"\u0432","weights":[3,4,4,4,4,3,0,4,4,0,4,4,0,4,4,4,4,2,0,4,4,0,4,4,4,4,4,4,4,1],"learn":4,"width":6,"height":5},{"title":"\u0433","weights":[1,2,2,2,2,2,0,1,2,0,0,2,0,2,1,0,0,1,0,2,1,0,0,0,2,2,2,1,0,0],"learn":2,"width":6,"height":5},{"title":"\u0435","weights":[0,3,5,4,4,0,3,4,1,0,3,4,5,5,5,4,5,4,5,4,0,1,0,0,1,5,5,4,3,2],"learn":5,"width":6,"height":5},{"title":"\u0437","weights":[1,1,1,1,1,0,1,1,0,0,1,1,0,0,1,1,1,0,1,0,0,0,1,1,0,1,1,1,1,0],"learn":1,"width":6,"height":5},{"title":"\u0438","weights":[4,5,4,0,5,5,1,5,1,2,5,1,1,5,2,1,5,0,2,5,0,2,5,0,4,5,4,2,5,4],"learn":5,"width":6,"height":5},{"title":"\u043a","weights":[8,10,10,0,9,10,0,9,5,7,3,3,1,9,10,9,1,0,2,10,3,3,8,1,10,10,8,1,10,9],"learn":10,"width":6,"height":5},{"title":"\u043b","weights":[0,4,8,11,10,8,0,0,9,4,9,5,0,1,9,2,9,2,0,8,4,2,11,2,11,10,0,5,11,10],"learn":11,"width":6,"height":5},{"title":"\u043c","weights":[4,4,1,0,3,5,4,5,3,1,5,5,4,3,3,0,3,5,5,1,4,4,3,4,5,2,1,2,2,4],"learn":5,"width":6,"height":5},{"title":"\u043d","weights":[7,11,6,5,8,11,2,11,2,1,11,4,3,11,11,11,11,2,5,10,1,3,10,1,11,9,5,6,10,6],"learn":11,"width":6,"height":5},{"title":"\u043e","weights":[0,3,8,8,8,0,2,8,0,0,7,7,8,7,0,0,7,8,4,7,0,0,8,4,0,7,8,8,6,0],"learn":8,"width":6,"height":5},{"title":"\u043f","weights":[8,8,9,7,8,7,2,8,6,1,10,4,3,10,3,1,10,2,3,10,1,1,10,2,10,8,5,2,9,8],"learn":10,"width":6,"height":5},{"title":"\u0441","weights":[0,1,2,2,2,2,2,2,1,0,0,2,2,2,0,0,0,0,2,2,0,0,0,2,0,2,2,2,2,0],"learn":2,"width":6,"height":5},{"title":"\u0442","weights":[8,7,8,7,8,8,7,0,7,7,0,7,2,0,8,6,0,2,1,0,8,6,0,1,1,5,8,7,4,1],"learn":8,"width":6,"height":5},{"title":"\u0445","weights":[6,10,8,0,8,10,0,4,10,7,3,0,0,0,9,10,0,0,1,6,5,8,6,1,10,7,0,8,10,6],"learn":10,"width":6,"height":5},{"title":"\u0447","weights":[9,9,5,3,9,9,0,9,1,1,9,1,0,9,9,7,8,1,0,0,0,3,8,1,0,0,2,9,9,7],"learn":9,"width":6,"height":5},{"title":"\u0448","weights":[4,0,0,4,0,4,4,0,0,4,0,4,4,0,0,4,0,4,4,0,1,4,0,4,4,4,3,4,3,4],"learn":4,"width":6,"height":5},{"title":"\u044a","weights":[15,15,14,10,3,1,8,2,12,9,5,2,1,2,14,11,13,11,0,2,14,4,2,15,0,8,15,15,15,3],"learn":15,"width":6,"height":5},{"title":"\u044b","weights":[11,3,0,0,1,11,10,4,3,0,1,11,10,8,10,5,3,9,9,1,5,8,5,7,10,11,8,2,6,6],"learn":11,"width":6,"height":5},{"title":"\u044c","weights":[4,6,6,5,1,0,0,5,6,1,0,0,0,6,6,6,6,3,0,6,6,0,6,6,6,6,6,6,6,0],"learn":6,"width":6,"height":5},{"title":"\u044d","weights":[1,1,1,1,1,0,1,1,0,0,1,1,0,0,1,1,1,1,1,0,0,0,1,1,0,1,1,1,1,0],"learn":1,"width":6,"height":5},{"title":"\u044e","weights":[1,0,0,1,1,0,1,0,1,0,0,1,1,1,1,0,0,1,1,0,1,0,0,1,1,0,0,1,1,0],"learn":1,"width":6,"height":5},{"title":"\u044f","weights":[0,4,7,9,9,9,1,7,4,1,6,5,0,1,7,8,9,3,1,6,7,1,9,3,9,8,0,5,9,9],"learn":9,"width":6,"height":5}]