[{"title":"\u0430","weights":[0,1,1,1,1,0,0,0,0,0,0,1,1,0,0,1,1,1,1,1,0,1,1,0,0,1,1,0,0,1,1,0,1,1,1],"learn":1,"width":7,"height":5},{"title":"\u0432","weights":[0,1,1,1,1,1,1,0,0,1,1,0,1,1,0,1,1,1,1,1,0,0,1,1,0,0,1,1,1,1,1,1,1,1,0],"learn":1,"width":7,"height":5},{"title":"\u0433","weights":[1,3,3,1,1,1,1,1,0,3,1,0,1,3,0,3,1,0,0,3,1,2,2,1,1,2,0,0,3,3,3,1,1,0,0],"learn":3,"width":7,"height":5},{"title":"\u0436","weights":[8,5,0,8,1,3,9,0,7,1,8,2,6,1,0,4,8,9,9,4,0,0,9,0,9,1,8,2,9,5,0,9,0,4,9],"learn":9,"width":7,"height":5},{"title":"\u0438","weights":[4,4,4,0,2,4,4,0,4,2,0,2,4,1,0,4,2,2,1,4,1,0,4,3,0,1,4,1,4,4,2,0,4,4,4],"learn":4,"width":7,"height":5},{"title":"\u043a","weights":[3,4,4,3,0,4,4,0,3,4,1,3,2,2,0,4,4,4,4,0,0,0,4,4,0,4,4,0,3,4,4,3,0,4,4],"learn":4,"width":7,"height":5},{"title":"\u043b","weights":[1,5,8,8,9,9,9,0,1,5,4,4,7,2,0,1,8,1,5,7,1,3,2,7,0,6,8,0,9,9,1,3,8,9,5],"learn":9,"width":7,"height":5},{"title":"\u043c","weights":[8,11,13,2,5,13,15,1,10,15,6,7,15,8,1,12,5,10,6,9,6,3,13,2,14,3,12,4,15,9,3,11,3,11,13],"learn":15,"width":7,"height":5},{"title":"\u043d","weights":[3,4,4,0,3,4,4,0,3,2,0,2,3,1,0,3,4,4,4,4,0,0,4,2,0,2,4,0,4,4,4,0,4,4,4],"learn":4,"width":7,"height":5},{"title":"\u043f","weights":[4,4,4,4,4,4,4,0,4,3,0,3,4,0,0,4,3,0,3,4,0,0,4,3,0,3,4,0,4,4,4,1,4,4,4],"learn":4,"width":7,"height":5},{"title":"\u0442","weights":[2,2,3,3,1,3,3,3,1,0,3,2,0,3,3,0,1,3,0,0,3,2,0,1,3,0,0,1,2,1,1,2,1,2,2],"learn":3,"width":7,"height":5},{"title":"\u0445","weights":[1,1,1,0,1,1,1,0,1,1,1,1,1,0,0,0,1,1,1,0,0,0,1,1,1,1,1,0,1,1,1,0,1,1,1],"learn":1,"width":7,"height":5},{"title":"\u0446","weights":[1,1,1,1,1,1,0,0,1,1,0,1,1,0,0,1,1,0,1,1,0,0,1,1,0,1,1,0,1,1,1,1,1,1,1],"learn":1,"width":7,"height":5},{"title":"\u0447","weights":[2,2,2,1,2,2,2,0,2,2,0,2,2,0,0,1,2,2,2,2,0,0,0,0,0,2,2,0,0,0,0,2,2,2,2],"learn":2,"width":7,"height":5},{"title":"\u0448","weights":[9,5,2,8,2,3,10,6,4,1,9,1,3,7,7,5,1,9,1,5,5,6,5,6,9,1,10,4,10,10,4,10,10,9,9],"learn":10,"width":7,"height":5},{"title":"\u044a","weights":[5,5,5,5,3,0,0,4,0,4,4,0,0,0,1,0,5,5,5,5,1,0,0,5,4,0,4,5,0,4,5,5,5,5,0],"learn":5,"width":7,"height":5},{"title":"\u044b","weights":[6,6,2,0,2,5,6,3,5,1,1,0,3,4,4,5,5,6,0,5,2,4,3,0,6,1,6,2,6,6,6,3,2,6,6],"learn":6,"width":7,"height":5},{"title":"\u044e","weights":[12,13,6,7,19,19,7,7,12,7,17,3,2,19,7,19,19,9,0,0,19,13,7,10,12,0,7,15,19,6,6,13,19,17,0],"learn":19,"width":7,"height":5},{"title":"\u044f","weights":[0,3,4,4,4,4,4,1,4,3,0,4,4,1,0,1,4,4,4,4,0,0,4,4,0,4,4,0,4,4,0,3,4,4,4],"learn":4,"width":7,"height":5}]