[{"title":"\u0436","weights":[6,10,7,3,8,6,0,10,11,0,1,10,2,11,3,10,3,1,0,0,11,11,11,11,11,0,0,0,5,9,4,10,1,10,3,1,10,11,0,6,7,2,7,10,5],"learn":11,"width":9,"height":5},{"title":"\u0438","weights":[0,1,1,0,0,2,0,0,0,0,1,1,0,2,0,0,0,2,2,1,0,1,2,0,0,1,0,2,1,1,0,2,0,0,2,0,2,2,0,0,2,2,2,0,0],"learn":2,"width":9,"height":5},{"title":"\u043a","weights":[0,1,0,0,1,0,0,0,0,1,1,0,1,0,0,0,0,1,1,1,1,0,0,0,0,1,0,1,0,1,0,0,0,0,0,0,1,0,0,1,0,1,0,0,0],"learn":1,"width":9,"height":5},{"title":"\u043b","weights":[0,0,0,0,1,1,0,0,0,0,0,0,0,1,1,0,0,0,0,0,0,1,0,1,0,0,1,1,0,1,1,0,1,0,1,0,1,1,1,0,0,1,1,0,0],"learn":1,"width":9,"height":5},{"title":"\u043c","weights":[2,3,3,3,2,1,4,4,4,0,2,3,3,3,3,4,4,0,0,2,2,2,4,2,2,3,0,1,3,1,2,4,0,4,3,0,4,4,2,1,1,2,4,4,2],"learn":4,"width":9,"height":5},{"title":"\u043d","weights":[1,0,0,0,1,0,0,0,0,1,0,0,0,1,0,0,0,1,1,1,1,1,0,0,0,1,0,1,0,0,1,0,0,1,0,0,1,0,0,1,1,1,0,0,0],"learn":1,"width":9,"height":5},{"title":"\u043e","weights":[0,0,2,2,2,0,0,0,0,0,2,1,0,2,2,0,0,2,2,1,0,0,1,2,2,2,0,2,1,0,1,2,0,0,0,0,2,2,2,2,0,0,0,0,0],"learn":2,"width":9,"height":5},{"title":"\u0442","weights":[2,3,2,3,2,2,1,4,1,3,3,1,2,4,2,2,4,2,3,3,2,1,4,1,1,3,3,3,3,0,1,4,1,0,2,2,4,2,0,1,2,0,0,2,1],"learn":4,"width":9,"height":5},{"title":"\u0448","weights":[3,3,1,3,5,2,2,3,3,1,4,1,2,4,1,0,5,1,2,3,1,2,4,1,2,5,1,2,3,3,2,4,2,0,5,1,5,5,3,5,5,3,3,5,5],"learn":5,"width":9,"height":5},{"title":"\u044b","weights":[1,1,1,1,0,1,1,1,1,0,1,1,0,0,0,1,1,0,0,1,1,1,1,0,1,1,0,0,1,1,0,1,1,1,1,0,1,1,1,1,1,1,1,1,1],"learn":1,"width":9,"height":5},{"title":"\u044e","weights":[1,1,1,1,0,1,1,1,0,0,1,1,0,1,1,0,1,1,0,1,1,1,1,1,0,1,1,0,1,1,0,1,1,0,1,1,1,1,1,1,0,1,1,1,0],"learn":1,"width":9,"height":5},{"title":"\u044f","weights":[0,0,0,1,2,2,0,0,0,0,0,1,2,0,2,0,0,0,0,0,1,2,0,2,0,0,1,2,1,1,2,2,1,1,1,1,2,2,2,0,1,2,1,0,0],"learn":2,"width":9,"height":5}]